marker_id	chr	pos_bp	pos_cM
m01_000001	chr01	195763	0.195763
m01_000002	chr01	982457	0.982457
m01_000003	chr01	1188113	1.188113
m01_000004	chr01	1248439	1.248439
m01_000005	chr01	1846862	1.846862
m01_000006	chr01	2007022	2.007022
m01_000007	chr01	2108412	2.108412
m01_000008	chr01	2240893	2.240893
m01_000009	chr01	2571948	2.571948
m01_000010	chr01	2578185	2.578185
m01_000011	chr01	2628571	2.628571
m01_000012	chr01	2782209	2.782209
m01_000013	chr01	3113461	3.113461
m01_000014	chr01	3172321	3.172321
m01_000015	chr01	3644441	3.644441
m01_000016	chr01	4249388	4.249388
m01_000017	chr01	4502074	4.502074
m01_000018	chr01	4633984	4.633984
m01_000019	chr01	4662142	4.662142
m01_000020	chr01	4998362	4.998362
m01_000021	chr01	5432794	5.432794
m01_000022	chr01	5592547	5.592547
m01_000023	chr01	5632045	5.632045
m01_000024	chr01	6479364	6.479364
m01_000025	chr01	6841049	6.841049
m01_000026	chr01	6848185	6.848185
m01_000027	chr01	7081648	7.081648
m01_000028	chr01	7200852	7.200852
m01_000029	chr01	7245204	7.245204
m01_000030	chr01	7328795	7.328795
m01_000031	chr01	7531973	7.531973
m01_000032	chr01	7606358	7.606358
m01_000033	chr01	7614773	7.614773
m01_000034	chr01	7642925	7.642925
m01_000035	chr01	7768559	7.768559
m01_000036	chr01	7776721	7.776721
m01_000037	chr01	7870537	7.870537
m01_000038	chr01	8075258	8.075258
m01_000039	chr01	8228366	8.228366
m01_000040	chr01	8276778	8.276778
m01_000041	chr01	8286468	8.286468
m01_000042	chr01	8297093	8.297093
m01_000043	chr01	8432390	8.43239
m01_000044	chr01	8438069	8.438069
m01_000045	chr01	8492848	8.492848
m01_000046	chr01	8591402	8.591402
m01_000047	chr01	8794223	8.794223
m01_000048	chr01	9011919	9.011919
m01_000049	chr01	9086472	9.086472
m01_000050	chr01	9201916	9.201916
m01_000051	chr01	9202457	9.202457
m01_000052	chr01	9476425	9.476425
m01_000053	chr01	9683741	9.683741
m01_000054	chr01	9764985	9.764985
m01_000055	chr01	10685984	10.685984
m01_000056	chr01	10839155	10.839155
m01_000057	chr01	11018838	11.018838
m01_000058	chr01	11284321	11.284321
m01_000059	chr01	11561555	11.561555
m01_000060	chr01	11762128	11.762128
m01_000061	chr01	12201267	12.201267
m01_000062	chr01	12604787	12.604787
m01_000063	chr01	13134740	13.13474
m01_000064	chr01	14008104	14.008104
m01_000065	chr01	14183192	14.183192
m01_000066	chr01	14385614	14.385614
m01_000067	chr01	14950823	14.950823
m01_000068	chr01	15005747	15.005747
m01_000069	chr01	15263013	15.263013
m01_000070	chr01	15330788	15.330788
m01_000071	chr01	15355857	15.355857
m01_000072	chr01	15842744	15.842744
m01_000073	chr01	16157106	16.157106
m01_000074	chr01	16221382	16.221382
m01_000075	chr01	17094615	17.094615
m01_000076	chr01	17371294	17.371294
m01_000077	chr01	17561693	17.561693
m01_000078	chr01	17633234	17.633234
m01_000079	chr01	17700110	17.70011
m01_000080	chr01	17704066	17.704066
m01_000081	chr01	17757852	17.757852
m01_000082	chr01	17759858	17.759858
m01_000083	chr01	18120554	18.120554
m01_000084	chr01	18247581	18.247581
m01_000085	chr01	18433265	18.433265
m01_000086	chr01	18457743	18.457743
m01_000087	chr01	18774630	18.77463
m01_000088	chr01	19255358	19.255358
m01_000089	chr01	19264238	19.264238
m01_000090	chr01	19284504	19.284504
m01_000091	chr01	19922465	19.922465
m01_000092	chr01	20586715	20.586715
m01_000093	chr01	20673587	20.673587
m01_000094	chr01	20935508	20.935508
m01_000095	chr01	21324759	21.324759
m01_000096	chr01	21326154	21.326154
m01_000097	chr01	21386862	21.386862
m01_000098	chr01	21387929	21.387929
m01_000099	chr01	21586412	21.586412
m01_000100	chr01	21612295	21.612295
m01_000101	chr01	21833759	21.833759
m01_000102	chr01	21966124	21.966124
m01_000103	chr01	22222940	22.22294
m01_000104	chr01	22548247	22.548247
m01_000105	chr01	22613338	22.613338
m01_000106	chr01	22646435	22.646435
m01_000107	chr01	22830978	22.830978
m01_000108	chr01	22838859	22.838859
m01_000109	chr01	23190885	23.190885
m01_000110	chr01	23254835	23.254835
m01_000111	chr01	23273073	23.273073
m01_000112	chr01	23366336	23.366336
m01_000113	chr01	23513193	23.513193
m01_000114	chr01	23651644	23.651644
m01_000115	chr01	24144323	24.144323
m01_000116	chr01	24572515	24.572515
m01_000117	chr01	24733735	24.733735
m01_000118	chr01	25131444	25.131444
m01_000119	chr01	25515288	25.515288
m01_000120	chr01	25519748	25.519748
m01_000121	chr01	25731720	25.73172
m01_000122	chr01	25954568	25.954568
m01_000123	chr01	26337302	26.337302
m01_000124	chr01	26365677	26.365677
m01_000125	chr01	26655044	26.655044
m01_000126	chr01	26709043	26.709043
m01_000127	chr01	26973836	26.973836
m01_000128	chr01	27375563	27.375563
m01_000129	chr01	28327475	28.327475
m01_000130	chr01	28392192	28.392192
m01_000131	chr01	28461866	28.461866
m01_000132	chr01	28543065	28.543065
m01_000133	chr01	28714181	28.714181
m01_000134	chr01	28846936	28.846936
m01_000135	chr01	28940573	28.940573
m01_000136	chr01	29041831	29.041831
m01_000137	chr01	29474805	29.474805
m01_000138	chr01	29499896	29.499896
m01_000139	chr01	29517018	29.517018
m01_000140	chr01	29686156	29.686156
m01_000141	chr01	29798004	29.798004
m01_000142	chr01	29946214	29.946214
m01_000143	chr01	30421988	30.421988
m01_000144	chr01	30600548	30.600548
m01_000145	chr01	30601324	30.601324
m01_000146	chr01	30748262	30.748262
m01_000147	chr01	30845227	30.845227
m01_000148	chr01	30863038	30.863038
m01_000149	chr01	30909262	30.909262
m01_000150	chr01	30929225	30.929225
m01_000151	chr01	30975205	30.975205
m01_000152	chr01	31013032	31.013032
m01_000153	chr01	31061160	31.06116
m01_000154	chr01	31371315	31.371315
m01_000155	chr01	31434856	31.434856
m01_000156	chr01	31898455	31.898455
m01_000157	chr01	31961269	31.961269
m01_000158	chr01	32079584	32.079584
m01_000159	chr01	32293434	32.293434
m01_000160	chr01	32297635	32.297635
m01_000161	chr01	32572250	32.57225
m01_000162	chr01	32695400	32.6954
m01_000163	chr01	32705509	32.705509
m01_000164	chr01	32776613	32.776613
m01_000165	chr01	33126956	33.126956
m01_000166	chr01	33256422	33.256422
m01_000167	chr01	33420421	33.420421
m01_000168	chr01	33557265	33.557265
m01_000169	chr01	33564122	33.564122
m01_000170	chr01	33656948	33.656948
m01_000171	chr01	33961584	33.961584
m01_000172	chr01	34348840	34.34884
m01_000173	chr01	34847097	34.847097
m01_000174	chr01	34912847	34.912847
m01_000175	chr01	35133815	35.133815
m01_000176	chr01	35267313	35.267313
m01_000177	chr01	35288617	35.288617
m01_000178	chr01	35527075	35.527075
m01_000179	chr01	35735317	35.735317
m01_000180	chr01	35798393	35.798393
m01_000181	chr01	35868977	35.868977
m01_000182	chr01	35934208	35.934208
m01_000183	chr01	36283814	36.283814
m01_000184	chr01	36402599	36.402599
m01_000185	chr01	36451989	36.451989
m01_000186	chr01	36816208	36.816208
m01_000187	chr01	36987792	36.987792
m01_000188	chr01	37204970	37.20497
m01_000189	chr01	37213263	37.213263
m01_000190	chr01	37474280	37.47428
m01_000191	chr01	37537710	37.53771
m01_000192	chr01	37725150	37.72515
m01_000193	chr01	37762560	37.76256
m01_000194	chr01	38132857	38.132857
m01_000195	chr01	38262325	38.262325
m01_000196	chr01	38466576	38.466576
m01_000197	chr01	38610852	38.610852
m01_000198	chr01	39333804	39.333804
m01_000199	chr01	39564656	39.564656
m01_000200	chr01	39864032	39.864032
m01_000201	chr01	39945410	39.94541
m01_000202	chr01	40260427	40.260427
m01_000203	chr01	40262527	40.262527
m01_000204	chr01	40461740	40.46174
m01_000205	chr01	41128976	41.128976
m01_000206	chr01	41426312	41.426312
m01_000207	chr01	41517720	41.51772
m01_000208	chr01	42058797	42.058797
m01_000209	chr01	42187189	42.187189
m01_000210	chr01	42571905	42.571905
m01_000211	chr01	43126945	43.126945
m01_000212	chr01	43991566	43.991566
m01_000213	chr01	44097827	44.097827
m01_000214	chr01	44124996	44.124996
m01_000215	chr01	44125917	44.125917
m01_000216	chr01	44204180	44.20418
m01_000217	chr01	44246985	44.246985
m01_000218	chr01	44324642	44.324642
m01_000219	chr01	44492929	44.492929
m01_000220	chr01	45380572	45.380572
m01_000221	chr01	46752354	46.752354
m01_000222	chr01	46803862	46.803862
m01_000223	chr01	46897663	46.897663
m01_000224	chr01	46937014	46.937014
m01_000225	chr01	46945854	46.945854
m01_000226	chr01	46985276	46.985276
m01_000227	chr01	47044326	47.044326
m01_000228	chr01	47171569	47.171569
m01_000229	chr01	47393642	47.393642
m01_000230	chr01	47441925	47.441925
m01_000231	chr01	47456293	47.456293
m01_000232	chr01	47611581	47.611581
m01_000233	chr01	47719600	47.7196
m01_000234	chr01	47790466	47.790466
m01_000235	chr01	47902905	47.902905
m01_000236	chr01	47985954	47.985954
m01_000237	chr01	48066889	48.066889
m01_000238	chr01	48291155	48.291155
m01_000239	chr01	48549180	48.54918
m01_000240	chr01	48658119	48.658119
m01_000241	chr01	48690204	48.690204
m01_000242	chr01	49123962	49.123962
m01_000243	chr01	49182929	49.182929
m01_000244	chr01	49184987	49.184987
m01_000245	chr01	49375365	49.375365
m01_000246	chr01	49669937	49.669937
m01_000247	chr01	49731965	49.731965
m01_000248	chr01	49766681	49.766681
m01_000249	chr01	49768418	49.768418
m01_000250	chr01	49863328	49.863328
m02_000001	chr02	289233	0.289233
m02_000002	chr02	345465	0.345465
m02_000003	chr02	436441	0.436441
m02_000004	chr02	804340	0.80434
m02_000005	chr02	1205713	1.205713
m02_000006	chr02	1371655	1.371655
m02_000007	chr02	1622296	1.622296
m02_000008	chr02	1735245	1.735245
m02_000009	chr02	1903113	1.903113
m02_000010	chr02	2648161	2.648161
m02_000011	chr02	2736230	2.73623
m02_000012	chr02	2813206	2.813206
m02_000013	chr02	2846324	2.846324
m02_000014	chr02	3121111	3.121111
m02_000015	chr02	3130468	3.130468
m02_000016	chr02	3531423	3.531423
m02_000017	chr02	3779892	3.779892
m02_000018	chr02	3978588	3.978588
m02_000019	chr02	4259586	4.259586
m02_000020	chr02	4306533	4.306533
m02_000021	chr02	4550962	4.550962
m02_000022	chr02	5246208	5.246208
m02_000023	chr02	5463538	5.463538
m02_000024	chr02	5523157	5.523157
m02_000025	chr02	5585225	5.585225
m02_000026	chr02	5640409	5.640409
m02_000027	chr02	5656546	5.656546
m02_000028	chr02	5669348	5.669348
m02_000029	chr02	5814280	5.81428
m02_000030	chr02	5817741	5.817741
m02_000031	chr02	6873042	6.873042
m02_000032	chr02	6951149	6.951149
m02_000033	chr02	7243749	7.243749
m02_000034	chr02	7305528	7.305528
m02_000035	chr02	7564164	7.564164
m02_000036	chr02	7949287	7.949287
m02_000037	chr02	7980879	7.980879
m02_000038	chr02	8217159	8.217159
m02_000039	chr02	8351145	8.351145
m02_000040	chr02	8650885	8.650885
m02_000041	chr02	9068979	9.068979
m02_000042	chr02	9398059	9.398059
m02_000043	chr02	9557107	9.557107
m02_000044	chr02	9682624	9.682624
m02_000045	chr02	9801519	9.801519
m02_000046	chr02	9990450	9.99045
m02_000047	chr02	10002449	10.002449
m02_000048	chr02	10691184	10.691184
m02_000049	chr02	10847667	10.847667
m02_000050	chr02	11496506	11.496506
m02_000051	chr02	11783225	11.783225
m02_000052	chr02	11909673	11.909673
m02_000053	chr02	11933990	11.93399
m02_000054	chr02	11982805	11.982805
m02_000055	chr02	12081591	12.081591
m02_000056	chr02	12172406	12.172406
m02_000057	chr02	12402935	12.402935
m02_000058	chr02	12420129	12.420129
m02_000059	chr02	12525466	12.525466
m02_000060	chr02	12702345	12.702345
m02_000061	chr02	12913584	12.913584
m02_000062	chr02	13032411	13.032411
m02_000063	chr02	13445721	13.445721
m02_000064	chr02	13522087	13.522087
m02_000065	chr02	13599083	13.599083
m02_000066	chr02	13599738	13.599738
m02_000067	chr02	13789814	13.789814
m02_000068	chr02	14021783	14.021783
m02_000069	chr02	14239183	14.239183
m02_000070	chr02	14805688	14.805688
m02_000071	chr02	14975359	14.975359
m02_000072	chr02	15297491	15.297491
m02_000073	chr02	16139259	16.139259
m02_000074	chr02	16237648	16.237648
m02_000075	chr02	16337379	16.337379
m02_000076	chr02	16373221	16.373221
m02_000077	chr02	16460232	16.460232
m02_000078	chr02	16841466	16.841466
m02_000079	chr02	16976821	16.976821
m02_000080	chr02	17519644	17.519644
m02_000081	chr02	17540275	17.540275
m02_000082	chr02	17560030	17.56003
m02_000083	chr02	18084464	18.084464
m02_000084	chr02	18095136	18.095136
m02_000085	chr02	18304790	18.30479
m02_000086	chr02	18417889	18.417889
m02_000087	chr02	18709871	18.709871
m02_000088	chr02	18817258	18.817258
m02_000089	chr02	18965250	18.96525
m02_000090	chr02	19162638	19.162638
m02_000091	chr02	19268228	19.268228
m02_000092	chr02	19345723	19.345723
m02_000093	chr02	19371032	19.371032
m02_000094	chr02	19597948	19.597948
m02_000095	chr02	19777335	19.777335
m02_000096	chr02	19993511	19.993511
m02_000097	chr02	20168067	20.168067
m02_000098	chr02	20334563	20.334563
m02_000099	chr02	20486790	20.48679
m02_000100	chr02	20517092	20.517092
m02_000101	chr02	20520822	20.520822
m02_000102	chr02	21066985	21.066985
m02_000103	chr02	21162940	21.16294
m02_000104	chr02	21332076	21.332076
m02_000105	chr02	21465815	21.465815
m02_000106	chr02	21542582	21.542582
m02_000107	chr02	21568162	21.568162
m02_000108	chr02	22210568	22.210568
m02_000109	chr02	22318566	22.318566
m02_000110	chr02	22360641	22.360641
m02_000111	chr02	22394453	22.394453
m02_000112	chr02	22555149	22.555149
m02_000113	chr02	22729098	22.729098
m02_000114	chr02	22733031	22.733031
m02_000115	chr02	22835036	22.835036
m02_000116	chr02	23003880	23.00388
m02_000117	chr02	23064965	23.064965
m02_000118	chr02	23151551	23.151551
m02_000119	chr02	23187945	23.187945
m02_000120	chr02	23565323	23.565323
m02_000121	chr02	23611895	23.611895
m02_000122	chr02	23723997	23.723997
m02_000123	chr02	23870809	23.870809
m02_000124	chr02	24289677	24.289677
m02_000125	chr02	24595529	24.595529
m02_000126	chr02	24629714	24.629714
m02_000127	chr02	24659355	24.659355
m02_000128	chr02	24672347	24.672347
m02_000129	chr02	24841941	24.841941
m02_000130	chr02	25192770	25.19277
m02_000131	chr02	25649303	25.649303
m02_000132	chr02	25807416	25.807416
m02_000133	chr02	25897419	25.897419
m02_000134	chr02	26094135	26.094135
m02_000135	chr02	26626136	26.626136
m02_000136	chr02	26848643	26.848643
m02_000137	chr02	26852224	26.852224
m02_000138	chr02	27009613	27.009613
m02_000139	chr02	27415670	27.41567
m02_000140	chr02	28140189	28.140189
m02_000141	chr02	28376476	28.376476
m02_000142	chr02	28497211	28.497211
m02_000143	chr02	29228714	29.228714
m02_000144	chr02	29411852	29.411852
m02_000145	chr02	29644735	29.644735
m02_000146	chr02	29926367	29.926367
m02_000147	chr02	30085086	30.085086
m02_000148	chr02	30180092	30.180092
m02_000149	chr02	30683180	30.68318
m02_000150	chr02	30719436	30.719436
m02_000151	chr02	30928090	30.92809
m02_000152	chr02	31108417	31.108417
m02_000153	chr02	31133964	31.133964
m02_000154	chr02	31134624	31.134624
m02_000155	chr02	31724225	31.724225
m02_000156	chr02	31857875	31.857875
m02_000157	chr02	31929542	31.929542
m02_000158	chr02	32197814	32.197814
m02_000159	chr02	32322319	32.322319
m02_000160	chr02	32327283	32.327283
m02_000161	chr02	32588819	32.588819
m02_000162	chr02	32703680	32.70368
m02_000163	chr02	32710281	32.710281
m02_000164	chr02	32812375	32.812375
m02_000165	chr02	32938289	32.938289
m02_000166	chr02	33034502	33.034502
m02_000167	chr02	33208652	33.208652
m02_000168	chr02	33228554	33.228554
m02_000169	chr02	33378418	33.378418
m02_000170	chr02	33555292	33.555292
m02_000171	chr02	33670740	33.67074
m02_000172	chr02	33696496	33.696496
m02_000173	chr02	33810084	33.810084
m02_000174	chr02	33878175	33.878175
m02_000175	chr02	34239181	34.239181
m02_000176	chr02	34261736	34.261736
m02_000177	chr02	34350870	34.35087
m02_000178	chr02	34383091	34.383091
m02_000179	chr02	34975032	34.975032
m02_000180	chr02	35452869	35.452869
m02_000181	chr02	35523308	35.523308
m02_000182	chr02	35583099	35.583099
m02_000183	chr02	35834098	35.834098
m02_000184	chr02	35895188	35.895188
m02_000185	chr02	36145712	36.145712
m02_000186	chr02	36234996	36.234996
m02_000187	chr02	36667521	36.667521
m02_000188	chr02	36668979	36.668979
m02_000189	chr02	36836108	36.836108
m02_000190	chr02	36899316	36.899316
m02_000191	chr02	36926561	36.926561
m02_000192	chr02	36950488	36.950488
m02_000193	chr02	37067976	37.067976
m02_000194	chr02	37343433	37.343433
m02_000195	chr02	37451382	37.451382
m02_000196	chr02	37474814	37.474814
m02_000197	chr02	37515333	37.515333
m02_000198	chr02	37522397	37.522397
m02_000199	chr02	37545528	37.545528
m02_000200	chr02	37564429	37.564429
m02_000201	chr02	37801353	37.801353
m02_000202	chr02	37927508	37.927508
m02_000203	chr02	38101768	38.101768
m02_000204	chr02	38137280	38.13728
m02_000205	chr02	38537731	38.537731
m02_000206	chr02	38911549	38.911549
m02_000207	chr02	39111960	39.11196
m02_000208	chr02	39372511	39.372511
m02_000209	chr02	39663894	39.663894
m02_000210	chr02	39689467	39.689467
m02_000211	chr02	40403330	40.40333
m02_000212	chr02	41101663	41.101663
m02_000213	chr02	41224111	41.224111
m02_000214	chr02	41441303	41.441303
m02_000215	chr02	41507112	41.507112
m02_000216	chr02	41639244	41.639244
m02_000217	chr02	41724898	41.724898
m02_000218	chr02	41742179	41.742179
m02_000219	chr02	42090439	42.090439
m02_000220	chr02	42166027	42.166027
m02_000221	chr02	42230555	42.230555
m02_000222	chr02	42250423	42.250423
m02_000223	chr02	42381223	42.381223
m02_000224	chr02	42495409	42.495409
m02_000225	chr02	42931275	42.931275
m02_000226	chr02	43259014	43.259014
m02_000227	chr02	43881386	43.881386
m02_000228	chr02	44108079	44.108079
m02_000229	chr02	44794348	44.794348
m02_000230	chr02	44942231	44.942231
m02_000231	chr02	45026043	45.026043
m02_000232	chr02	45090847	45.090847
m02_000233	chr02	45096869	45.096869
m02_000234	chr02	45987950	45.98795
m02_000235	chr02	46523722	46.523722
m02_000236	chr02	46796086	46.796086
m02_000237	chr02	46844026	46.844026
m02_000238	chr02	47007803	47.007803
m02_000239	chr02	47205894	47.205894
m02_000240	chr02	47467223	47.467223
m02_000241	chr02	47483989	47.483989
m02_000242	chr02	47672597	47.672597
m02_000243	chr02	48015242	48.015242
m02_000244	chr02	48151738	48.151738
m02_000245	chr02	49034227	49.034227
m02_000246	chr02	49117226	49.117226
m02_000247	chr02	49127322	49.127322
m02_000248	chr02	49424514	49.424514
m02_000249	chr02	49965045	49.965045
m02_000250	chr02	49982552	49.982552
m03_000001	chr03	21060	0.02106
m03_000002	chr03	321599	0.321599
m03_000003	chr03	431183	0.431183
m03_000004	chr03	553593	0.553593
m03_000005	chr03	881323	0.881323
m03_000006	chr03	993084	0.993084
m03_000007	chr03	1267985	1.267985
m03_000008	chr03	1504303	1.504303
m03_000009	chr03	1712689	1.712689
m03_000010	chr03	1722242	1.722242
m03_000011	chr03	2149983	2.149983
m03_000012	chr03	2185459	2.185459
m03_000013	chr03	2351959	2.351959
m03_000014	chr03	2518777	2.518777
m03_000015	chr03	2524974	2.524974
m03_000016	chr03	2700327	2.700327
m03_000017	chr03	3021004	3.021004
m03_000018	chr03	3066349	3.066349
m03_000019	chr03	3070848	3.070848
m03_000020	chr03	3541228	3.541228
m03_000021	chr03	3644734	3.644734
m03_000022	chr03	3769107	3.769107
m03_000023	chr03	3873885	3.873885
m03_000024	chr03	4149873	4.149873
m03_000025	chr03	4172652	4.172652
m03_000026	chr03	4265121	4.265121
m03_000027	chr03	4407952	4.407952
m03_000028	chr03	4620389	4.620389
m03_000029	chr03	4743403	4.743403
m03_000030	chr03	4776398	4.776398
m03_000031	chr03	4873352	4.873352
m03_000032	chr03	5063229	5.063229
m03_000033	chr03	5183190	5.18319
m03_000034	chr03	5785502	5.785502
m03_000035	chr03	5869536	5.869536
m03_000036	chr03	6690250	6.69025
m03_000037	chr03	6782531	6.782531
m03_000038	chr03	6965414	6.965414
m03_000039	chr03	7040897	7.040897
m03_000040	chr03	7889568	7.889568
m03_000041	chr03	8301823	8.301823
m03_000042	chr03	8302858	8.302858
m03_000043	chr03	8583593	8.583593
m03_000044	chr03	8633207	8.633207
m03_000045	chr03	8709345	8.709345
m03_000046	chr03	8989229	8.989229
m03_000047	chr03	9150080	9.15008
m03_000048	chr03	9190761	9.190761
m03_000049	chr03	10270601	10.270601
m03_000050	chr03	10289220	10.28922
m03_000051	chr03	10550269	10.550269
m03_000052	chr03	10766056	10.766056
m03_000053	chr03	11374896	11.374896
m03_000054	chr03	11392726	11.392726
m03_000055	chr03	11463301	11.463301
m03_000056	chr03	11463693	11.463693
m03_000057	chr03	11808237	11.808237
m03_000058	chr03	12092113	12.092113
m03_000059	chr03	12094233	12.094233
m03_000060	chr03	12655108	12.655108
m03_000061	chr03	12837083	12.837083
m03_000062	chr03	13296095	13.296095
m03_000063	chr03	13385953	13.385953
m03_000064	chr03	13537964	13.537964
m03_000065	chr03	13748354	13.748354
m03_000066	chr03	13975965	13.975965
m03_000067	chr03	14105076	14.105076
m03_000068	chr03	14379864	14.379864
m03_000069	chr03	14568714	14.568714
m03_000070	chr03	14646824	14.646824
m03_000071	chr03	14860635	14.860635
m03_000072	chr03	15076982	15.076982
m03_000073	chr03	15389765	15.389765
m03_000074	chr03	15753706	15.753706
m03_000075	chr03	16054065	16.054065
m03_000076	chr03	16389061	16.389061
m03_000077	chr03	16703328	16.703328
m03_000078	chr03	16882270	16.88227
m03_000079	chr03	17449610	17.44961
m03_000080	chr03	17608255	17.608255
m03_000081	chr03	18586396	18.586396
m03_000082	chr03	18901616	18.901616
m03_000083	chr03	18914704	18.914704
m03_000084	chr03	19334548	19.334548
m03_000085	chr03	19474266	19.474266
m03_000086	chr03	19963022	19.963022
m03_000087	chr03	19995330	19.99533
m03_000088	chr03	20015491	20.015491
m03_000089	chr03	20200713	20.200713
m03_000090	chr03	20806436	20.806436
m03_000091	chr03	21153043	21.153043
m03_000092	chr03	21212617	21.212617
m03_000093	chr03	21307186	21.307186
m03_000094	chr03	21376967	21.376967
m03_000095	chr03	21652564	21.652564
m03_000096	chr03	22132259	22.132259
m03_000097	chr03	22417949	22.417949
m03_000098	chr03	22448758	22.448758
m03_000099	chr03	22455764	22.455764
m03_000100	chr03	22474570	22.47457
m03_000101	chr03	22614746	22.614746
m03_000102	chr03	22783572	22.783572
m03_000103	chr03	22916161	22.916161
m03_000104	chr03	23050286	23.050286
m03_000105	chr03	23140681	23.140681
m03_000106	chr03	23590676	23.590676
m03_000107	chr03	23794464	23.794464
m03_000108	chr03	24092878	24.092878
m03_000109	chr03	24127829	24.127829
m03_000110	chr03	24549497	24.549497
m03_000111	chr03	24583574	24.583574
m03_000112	chr03	24667544	24.667544
m03_000113	chr03	24728065	24.728065
m03_000114	chr03	24807076	24.807076
m03_000115	chr03	25123448	25.123448
m03_000116	chr03	25299226	25.299226
m03_000117	chr03	25360843	25.360843
m03_000118	chr03	25564897	25.564897
m03_000119	chr03	25577774	25.577774
m03_000120	chr03	25632467	25.632467
m03_000121	chr03	26206361	26.206361
m03_000122	chr03	26564690	26.56469
m03_000123	chr03	26719969	26.719969
m03_000124	chr03	26847336	26.847336
m03_000125	chr03	26886761	26.886761
m03_000126	chr03	26996654	26.996654
m03_000127	chr03	27120933	27.120933
m03_000128	chr03	27205608	27.205608
m03_000129	chr03	27234500	27.2345
m03_000130	chr03	27235969	27.235969
m03_000131	chr03	27317992	27.317992
m03_000132	chr03	27533107	27.533107
m03_000133	chr03	28143585	28.143585
m03_000134	chr03	28505839	28.505839
m03_000135	chr03	28955002	28.955002
m03_000136	chr03	29089495	29.089495
m03_000137	chr03	29712581	29.712581
m03_000138	chr03	29799301	29.799301
m03_000139	chr03	29975307	29.975307
m03_000140	chr03	30005397	30.005397
m03_000141	chr03	30027900	30.0279
m03_000142	chr03	30040450	30.04045
m03_000143	chr03	30349407	30.349407
m03_000144	chr03	30696059	30.696059
m03_000145	chr03	31192616	31.192616
m03_000146	chr03	31388396	31.388396
m03_000147	chr03	31639635	31.639635
m03_000148	chr03	31675738	31.675738
m03_000149	chr03	31702514	31.702514
m03_000150	chr03	31872382	31.872382
m03_000151	chr03	32217258	32.217258
m03_000152	chr03	32223241	32.223241
m03_000153	chr03	32223786	32.223786
m03_000154	chr03	32258004	32.258004
m03_000155	chr03	32704867	32.704867
m03_000156	chr03	32723054	32.723054
m03_000157	chr03	32885077	32.885077
m03_000158	chr03	32899289	32.899289
m03_000159	chr03	32940205	32.940205
m03_000160	chr03	32960343	32.960343
m03_000161	chr03	34068006	34.068006
m03_000162	chr03	34177635	34.177635
m03_000163	chr03	34202637	34.202637
m03_000164	chr03	34206524	34.206524
m03_000165	chr03	34612109	34.612109
m03_000166	chr03	34692586	34.692586
m03_000167	chr03	34958286	34.958286
m03_000168	chr03	35886903	35.886903
m03_000169	chr03	35935247	35.935247
m03_000170	chr03	36080232	36.080232
m03_000171	chr03	36091641	36.091641
m03_000172	chr03	36213270	36.21327
m03_000173	chr03	36433146	36.433146
m03_000174	chr03	36624755	36.624755
m03_000175	chr03	37094749	37.094749
m03_000176	chr03	37123831	37.123831
m03_000177	chr03	37169424	37.169424
m03_000178	chr03	37283367	37.283367
m03_000179	chr03	37360386	37.360386
m03_000180	chr03	37485782	37.485782
m03_000181	chr03	37560533	37.560533
m03_000182	chr03	37855371	37.855371
m03_000183	chr03	37926422	37.926422
m03_000184	chr03	38028516	38.028516
m03_000185	chr03	38117952	38.117952
m03_000186	chr03	38187623	38.187623
m03_000187	chr03	38365758	38.365758
m03_000188	chr03	38425645	38.425645
m03_000189	chr03	38705589	38.705589
m03_000190	chr03	38753887	38.753887
m03_000191	chr03	38847074	38.847074
m03_000192	chr03	39752980	39.75298
m03_000193	chr03	39787920	39.78792
m03_000194	chr03	40201457	40.201457
m03_000195	chr03	40416362	40.416362
m03_000196	chr03	40427242	40.427242
m03_000197	chr03	40772136	40.772136
m03_000198	chr03	40989079	40.989079
m03_000199	chr03	41005320	41.00532
m03_000200	chr03	41173393	41.173393
m03_000201	chr03	41185766	41.185766
m03_000202	chr03	41271723	41.271723
m03_000203	chr03	41302398	41.302398
m03_000204	chr03	41342895	41.342895
m03_000205	chr03	41358064	41.358064
m03_000206	chr03	42100486	42.100486
m03_000207	chr03	42351258	42.351258
m03_000208	chr03	42483311	42.483311
m03_000209	chr03	42598300	42.5983
m03_000210	chr03	42942580	42.94258
m03_000211	chr03	43014849	43.014849
m03_000212	chr03	43060450	43.06045
m03_000213	chr03	43066944	43.066944
m03_000214	chr03	43100073	43.100073
m03_000215	chr03	43106575	43.106575
m03_000216	chr03	43400457	43.400457
m03_000217	chr03	43712175	43.712175
m03_000218	chr03	43792921	43.792921
m03_000219	chr03	44290530	44.29053
m03_000220	chr03	44330995	44.330995
m03_000221	chr03	44410143	44.410143
m03_000222	chr03	44492774	44.492774
m03_000223	chr03	44621779	44.621779
m03_000224	chr03	44724306	44.724306
m03_000225	chr03	45145729	45.145729
m03_000226	chr03	45186165	45.186165
m03_000227	chr03	45297005	45.297005
m03_000228	chr03	46031725	46.031725
m03_000229	chr03	46075124	46.075124
m03_000230	chr03	46415707	46.415707
m03_000231	chr03	46604227	46.604227
m03_000232	chr03	46720137	46.720137
m03_000233	chr03	46747285	46.747285
m03_000234	chr03	46926016	46.926016
m03_000235	chr03	47017076	47.017076
m03_000236	chr03	47344061	47.344061
m03_000237	chr03	47369910	47.36991
m03_000238	chr03	47370227	47.370227
m03_000239	chr03	47458748	47.458748
m03_000240	chr03	47636922	47.636922
m03_000241	chr03	47831991	47.831991
m03_000242	chr03	47967960	47.96796
m03_000243	chr03	48374777	48.374777
m03_000244	chr03	48379714	48.379714
m03_000245	chr03	48470229	48.470229
m03_000246	chr03	48654164	48.654164
m03_000247	chr03	48859355	48.859355
m03_000248	chr03	49025214	49.025214
m03_000249	chr03	49258948	49.258948
m03_000250	chr03	49995405	49.995405
m04_000001	chr04	407667	0.407667
m04_000002	chr04	475895	0.475895
m04_000003	chr04	701541	0.701541
m04_000004	chr04	872166	0.872166
m04_000005	chr04	886687	0.886687
m04_000006	chr04	1097626	1.097626
m04_000007	chr04	1772790	1.77279
m04_000008	chr04	1805077	1.805077
m04_000009	chr04	1876578	1.876578
m04_000010	chr04	2622059	2.622059
m04_000011	chr04	2675883	2.675883
m04_000012	chr04	2874828	2.874828
m04_000013	chr04	2994424	2.994424
m04_000014	chr04	3323059	3.323059
m04_000015	chr04	3484564	3.484564
m04_000016	chr04	4121906	4.121906
m04_000017	chr04	4181229	4.181229
m04_000018	chr04	4292078	4.292078
m04_000019	chr04	4297412	4.297412
m04_000020	chr04	4402304	4.402304
m04_000021	chr04	4703352	4.703352
m04_000022	chr04	4827254	4.827254
m04_000023	chr04	5112846	5.112846
m04_000024	chr04	5269976	5.269976
m04_000025	chr04	5351138	5.351138
m04_000026	chr04	5625974	5.625974
m04_000027	chr04	5675060	5.67506
m04_000028	chr04	5847601	5.847601
m04_000029	chr04	6160146	6.160146
m04_000030	chr04	6182556	6.182556
m04_000031	chr04	6291496	6.291496
m04_000032	chr04	6814020	6.81402
m04_000033	chr04	6957202	6.957202
m04_000034	chr04	7360306	7.360306
m04_000035	chr04	7464365	7.464365
m04_000036	chr04	7523565	7.523565
m04_000037	chr04	7527260	7.52726
m04_000038	chr04	7860675	7.860675
m04_000039	chr04	7878039	7.878039
m04_000040	chr04	7922913	7.922913
m04_000041	chr04	8149434	8.149434
m04_000042	chr04	8505044	8.505044
m04_000043	chr04	8661634	8.661634
m04_000044	chr04	8672160	8.67216
m04_000045	chr04	8767076	8.767076
m04_000046	chr04	8905867	8.905867
m04_000047	chr04	8936893	8.936893
m04_000048	chr04	8958554	8.958554
m04_000049	chr04	8998250	8.99825
m04_000050	chr04	9028089	9.028089
m04_000051	chr04	9171737	9.171737
m04_000052	chr04	9352776	9.352776
m04_000053	chr04	9400430	9.40043
m04_000054	chr04	9483925	9.483925
m04_000055	chr04	9912818	9.912818
m04_000056	chr04	9937573	9.937573
m04_000057	chr04	10245807	10.245807
m04_000058	chr04	10303231	10.303231
m04_000059	chr04	10580205	10.580205
m04_000060	chr04	10821557	10.821557
m04_000061	chr04	11394873	11.394873
m04_000062	chr04	11766329	11.766329
m04_000063	chr04	11813127	11.813127
m04_000064	chr04	11920064	11.920064
m04_000065	chr04	12113869	12.113869
m04_000066	chr04	12427811	12.427811
m04_000067	chr04	12436286	12.436286
m04_000068	chr04	12497078	12.497078
m04_000069	chr04	12507027	12.507027
m04_000070	chr04	12831602	12.831602
m04_000071	chr04	12867901	12.867901
m04_000072	chr04	12873220	12.87322
m04_000073	chr04	12886146	12.886146
m04_000074	chr04	12965062	12.965062
m04_000075	chr04	13427028	13.427028
m04_000076	chr04	13610012	13.610012
m04_000077	chr04	14338282	14.338282
m04_000078	chr04	14407264	14.407264
m04_000079	chr04	15001421	15.001421
m04_000080	chr04	15615593	15.615593
m04_000081	chr04	15697491	15.697491
m04_000082	chr04	15956632	15.956632
m04_000083	chr04	16353467	16.353467
m04_000084	chr04	16475814	16.475814
m04_000085	chr04	16482249	16.482249
m04_000086	chr04	16657763	16.657763
m04_000087	chr04	16697685	16.697685
m04_000088	chr04	16803649	16.803649
m04_000089	chr04	16948579	16.948579
m04_000090	chr04	17081345	17.081345
m04_000091	chr04	17180194	17.180194
m04_000092	chr04	17288044	17.288044
m04_000093	chr04	17400037	17.400037
m04_000094	chr04	17470651	17.470651
m04_000095	chr04	17521067	17.521067
m04_000096	chr04	17712069	17.712069
m04_000097	chr04	18365151	18.365151
m04_000098	chr04	18711200	18.7112
m04_000099	chr04	19010834	19.010834
m04_000100	chr04	19076216	19.076216
m04_000101	chr04	19658567	19.658567
m04_000102	chr04	19826468	19.826468
m04_000103	chr04	19852866	19.852866
m04_000104	chr04	19948130	19.94813
m04_000105	chr04	20096815	20.096815
m04_000106	chr04	20107318	20.107318
m04_000107	chr04	20142819	20.142819
m04_000108	chr04	20750571	20.750571
m04_000109	chr04	20796887	20.796887
m04_000110	chr04	21128920	21.12892
m04_000111	chr04	21516824	21.516824
m04_000112	chr04	21688062	21.688062
m04_000113	chr04	21740713	21.740713
m04_000114	chr04	21969095	21.969095
m04_000115	chr04	22320658	22.320658
m04_000116	chr04	22501895	22.501895
m04_000117	chr04	22876676	22.876676
m04_000118	chr04	23005401	23.005401
m04_000119	chr04	23255866	23.255866
m04_000120	chr04	23606135	23.606135
m04_000121	chr04	23666961	23.666961
m04_000122	chr04	23771898	23.771898
m04_000123	chr04	24206589	24.206589
m04_000124	chr04	24350177	24.350177
m04_000125	chr04	24420816	24.420816
m04_000126	chr04	24660520	24.66052
m04_000127	chr04	24766854	24.766854
m04_000128	chr04	24825743	24.825743
m04_000129	chr04	24894767	24.894767
m04_000130	chr04	25333750	25.33375
m04_000131	chr04	25635127	25.635127
m04_000132	chr04	25717838	25.717838
m04_000133	chr04	25983742	25.983742
m04_000134	chr04	26252436	26.252436
m04_000135	chr04	26553245	26.553245
m04_000136	chr04	26564229	26.564229
m04_000137	chr04	27168551	27.168551
m04_000138	chr04	27739569	27.739569
m04_000139	chr04	27870926	27.870926
m04_000140	chr04	28175044	28.175044
m04_000141	chr04	28196271	28.196271
m04_000142	chr04	28651157	28.651157
m04_000143	chr04	28837823	28.837823
m04_000144	chr04	28932321	28.932321
m04_000145	chr04	29497792	29.497792
m04_000146	chr04	29621758	29.621758
m04_000147	chr04	29682942	29.682942
m04_000148	chr04	30026343	30.026343
m04_000149	chr04	30208459	30.208459
m04_000150	chr04	30211350	30.21135
m04_000151	chr04	30306870	30.30687
m04_000152	chr04	30584848	30.584848
m04_000153	chr04	30610450	30.61045
m04_000154	chr04	30936031	30.936031
m04_000155	chr04	31001456	31.001456
m04_000156	chr04	31285557	31.285557
m04_000157	chr04	31326900	31.3269
m04_000158	chr04	31332483	31.332483
m04_000159	chr04	31867653	31.867653
m04_000160	chr04	31943530	31.94353
m04_000161	chr04	31993488	31.993488
m04_000162	chr04	32000886	32.000886
m04_000163	chr04	32078927	32.078927
m04_000164	chr04	32092117	32.092117
m04_000165	chr04	32115829	32.115829
m04_000166	chr04	32403471	32.403471
m04_000167	chr04	32993333	32.993333
m04_000168	chr04	33525395	33.525395
m04_000169	chr04	33544432	33.544432
m04_000170	chr04	33655037	33.655037
m04_000171	chr04	33712176	33.712176
m04_000172	chr04	34581464	34.581464
m04_000173	chr04	34734747	34.734747
m04_000174	chr04	34936681	34.936681
m04_000175	chr04	35100739	35.100739
m04_000176	chr04	35236064	35.236064
m04_000177	chr04	35314136	35.314136
m04_000178	chr04	35781774	35.781774
m04_000179	chr04	35802306	35.802306
m04_000180	chr04	36201242	36.201242
m04_000181	chr04	36232463	36.232463
m04_000182	chr04	36235747	36.235747
m04_000183	chr04	36334672	36.334672
m04_000184	chr04	36386966	36.386966
m04_000185	chr04	36523079	36.523079
m04_000186	chr04	36629367	36.629367
m04_000187	chr04	36648779	36.648779
m04_000188	chr04	37073092	37.073092
m04_000189	chr04	37506034	37.506034
m04_000190	chr04	37921093	37.921093
m04_000191	chr04	37950604	37.950604
m04_000192	chr04	38008844	38.008844
m04_000193	chr04	38583413	38.583413
m04_000194	chr04	39160861	39.160861
m04_000195	chr04	39291087	39.291087
m04_000196	chr04	40289897	40.289897
m04_000197	chr04	40314093	40.314093
m04_000198	chr04	40414503	40.414503
m04_000199	chr04	40558374	40.558374
m04_000200	chr04	40650314	40.650314
m04_000201	chr04	40682714	40.682714
m04_000202	chr04	40694813	40.694813
m04_000203	chr04	41681886	41.681886
m04_000204	chr04	41697952	41.697952
m04_000205	chr04	42035071	42.035071
m04_000206	chr04	42362876	42.362876
m04_000207	chr04	42469930	42.46993
m04_000208	chr04	42617283	42.617283
m04_000209	chr04	42955046	42.955046
m04_000210	chr04	43030864	43.030864
m04_000211	chr04	43144298	43.144298
m04_000212	chr04	43464429	43.464429
m04_000213	chr04	43521005	43.521005
m04_000214	chr04	43714515	43.714515
m04_000215	chr04	43804056	43.804056
m04_000216	chr04	44110966	44.110966
m04_000217	chr04	44155449	44.155449
m04_000218	chr04	44309294	44.309294
m04_000219	chr04	44354723	44.354723
m04_000220	chr04	44578362	44.578362
m04_000221	chr04	44634823	44.634823
m04_000222	chr04	44644308	44.644308
m04_000223	chr04	44951493	44.951493
m04_000224	chr04	45116728	45.116728
m04_000225	chr04	45385535	45.385535
m04_000226	chr04	45440494	45.440494
m04_000227	chr04	45550571	45.550571
m04_000228	chr04	45576049	45.576049
m04_000229	chr04	45624112	45.624112
m04_000230	chr04	46797315	46.797315
m04_000231	chr04	46859602	46.859602
m04_000232	chr04	47018228	47.018228
m04_000233	chr04	47123810	47.12381
m04_000234	chr04	47261086	47.261086
m04_000235	chr04	47303853	47.303853
m04_000236	chr04	47377534	47.377534
m04_000237	chr04	47497842	47.497842
m04_000238	chr04	47810636	47.810636
m04_000239	chr04	47969679	47.969679
m04_000240	chr04	48155364	48.155364
m04_000241	chr04	48162990	48.16299
m04_000242	chr04	48343514	48.343514
m04_000243	chr04	48717203	48.717203
m04_000244	chr04	48862924	48.862924
m04_000245	chr04	48881467	48.881467
m04_000246	chr04	49264431	49.264431
m04_000247	chr04	49400649	49.400649
m04_000248	chr04	49489689	49.489689
m04_000249	chr04	49874831	49.874831
m04_000250	chr04	49881548	49.881548
m05_000001	chr05	125257	0.125257
m05_000002	chr05	313534	0.313534
m05_000003	chr05	724050	0.72405
m05_000004	chr05	772615	0.772615
m05_000005	chr05	1102758	1.102758
m05_000006	chr05	1147761	1.147761
m05_000007	chr05	1348715	1.348715
m05_000008	chr05	1612746	1.612746
m05_000009	chr05	1704662	1.704662
m05_000010	chr05	1808889	1.808889
m05_000011	chr05	2280865	2.280865
m05_000012	chr05	2466012	2.466012
m05_000013	chr05	2628826	2.628826
m05_000014	chr05	3004189	3.004189
m05_000015	chr05	3029330	3.02933
m05_000016	chr05	3168173	3.168173
m05_000017	chr05	3295228	3.295228
m05_000018	chr05	3379840	3.37984
m05_000019	chr05	3521509	3.521509
m05_000020	chr05	3545458	3.545458
m05_000021	chr05	3591386	3.591386
m05_000022	chr05	3939974	3.939974
m05_000023	chr05	3958417	3.958417
m05_000024	chr05	4288750	4.28875
m05_000025	chr05	4416915	4.416915
m05_000026	chr05	4600390	4.60039
m05_000027	chr05	4762417	4.762417
m05_000028	chr05	4910868	4.910868
m05_000029	chr05	4938734	4.938734
m05_000030	chr05	4999057	4.999057
m05_000031	chr05	5225267	5.225267
m05_000032	chr05	5361294	5.361294
m05_000033	chr05	5385923	5.385923
m05_000034	chr05	5520219	5.520219
m05_000035	chr05	5571036	5.571036
m05_000036	chr05	5762854	5.762854
m05_000037	chr05	5798198	5.798198
m05_000038	chr05	5807502	5.807502
m05_000039	chr05	6058933	6.058933
m05_000040	chr05	6312692	6.312692
m05_000041	chr05	6314718	6.314718
m05_000042	chr05	6432450	6.43245
m05_000043	chr05	6495367	6.495367
m05_000044	chr05	6582750	6.58275
m05_000045	chr05	6629370	6.62937
m05_000046	chr05	6655744	6.655744
m05_000047	chr05	6668219	6.668219
m05_000048	chr05	7331663	7.331663
m05_000049	chr05	7366602	7.366602
m05_000050	chr05	7467261	7.467261
m05_000051	chr05	7580548	7.580548
m05_000052	chr05	7751021	7.751021
m05_000053	chr05	7891952	7.891952
m05_000054	chr05	7975968	7.975968
m05_000055	chr05	8254865	8.254865
m05_000056	chr05	8549584	8.549584
m05_000057	chr05	8618687	8.618687
m05_000058	chr05	8836387	8.836387
m05_000059	chr05	9122592	9.122592
m05_000060	chr05	9154273	9.154273
m05_000061	chr05	9243805	9.243805
m05_000062	chr05	9372490	9.37249
m05_000063	chr05	9654785	9.654785
m05_000064	chr05	9706445	9.706445
m05_000065	chr05	10053151	10.053151
m05_000066	chr05	10301364	10.301364
m05_000067	chr05	10542322	10.542322
m05_000068	chr05	10657480	10.65748
m05_000069	chr05	10673694	10.673694
m05_000070	chr05	10718865	10.718865
m05_000071	chr05	11019938	11.019938
m05_000072	chr05	11101289	11.101289
m05_000073	chr05	11115468	11.115468
m05_000074	chr05	11318819	11.318819
m05_000075	chr05	11451883	11.451883
m05_000076	chr05	11614295	11.614295
m05_000077	chr05	12284165	12.284165
m05_000078	chr05	12395586	12.395586
m05_000079	chr05	12993401	12.993401
m05_000080	chr05	13051526	13.051526
m05_000081	chr05	13398232	13.398232
m05_000082	chr05	13651909	13.651909
m05_000083	chr05	13802573	13.802573
m05_000084	chr05	13916327	13.916327
m05_000085	chr05	14284502	14.284502
m05_000086	chr05	14366790	14.36679
m05_000087	chr05	14775977	14.775977
m05_000088	chr05	15151131	15.151131
m05_000089	chr05	15259751	15.259751
m05_000090	chr05	15726042	15.726042
m05_000091	chr05	15831415	15.831415
m05_000092	chr05	15909605	15.909605
m05_000093	chr05	15957018	15.957018
m05_000094	chr05	16009538	16.009538
m05_000095	chr05	16348011	16.348011
m05_000096	chr05	16353610	16.35361
m05_000097	chr05	16363259	16.363259
m05_000098	chr05	16389101	16.389101
m05_000099	chr05	16615805	16.615805
m05_000100	chr05	16813715	16.813715
m05_000101	chr05	16844913	16.844913
m05_000102	chr05	17156615	17.156615
m05_000103	chr05	17292858	17.292858
m05_000104	chr05	17592425	17.592425
m05_000105	chr05	17833179	17.833179
m05_000106	chr05	18073129	18.073129
m05_000107	chr05	18095336	18.095336
m05_000108	chr05	18402076	18.402076
m05_000109	chr05	18526906	18.526906
m05_000110	chr05	18586610	18.58661
m05_000111	chr05	18693267	18.693267
m05_000112	chr05	18846807	18.846807
m05_000113	chr05	18851565	18.851565
m05_000114	chr05	18955813	18.955813
m05_000115	chr05	19007465	19.007465
m05_000116	chr05	19243030	19.24303
m05_000117	chr05	19647337	19.647337
m05_000118	chr05	20021124	20.021124
m05_000119	chr05	20126567	20.126567
m05_000120	chr05	20198460	20.19846
m05_000121	chr05	20629035	20.629035
m05_000122	chr05	20699581	20.699581
m05_000123	chr05	20955660	20.95566
m05_000124	chr05	21045195	21.045195
m05_000125	chr05	21819113	21.819113
m05_000126	chr05	21832714	21.832714
m05_000127	chr05	21910268	21.910268
m05_000128	chr05	22046640	22.04664
m05_000129	chr05	22143867	22.143867
m05_000130	chr05	22416726	22.416726
m05_000131	chr05	22503936	22.503936
m05_000132	chr05	22613772	22.613772
m05_000133	chr05	22693533	22.693533
m05_000134	chr05	23493313	23.493313
m05_000135	chr05	23512640	23.51264
m05_000136	chr05	23750059	23.750059
m05_000137	chr05	24249506	24.249506
m05_000138	chr05	24283520	24.28352
m05_000139	chr05	24319206	24.319206
m05_000140	chr05	24500969	24.500969
m05_000141	chr05	24717053	24.717053
m05_000142	chr05	24765440	24.76544
m05_000143	chr05	24912236	24.912236
m05_000144	chr05	25138733	25.138733
m05_000145	chr05	25414021	25.414021
m05_000146	chr05	25436876	25.436876
m05_000147	chr05	25661632	25.661632
m05_000148	chr05	25926863	25.926863
m05_000149	chr05	25990106	25.990106
m05_000150	chr05	26052937	26.052937
m05_000151	chr05	26154481	26.154481
m05_000152	chr05	26401854	26.401854
m05_000153	chr05	26966153	26.966153
m05_000154	chr05	27360616	27.360616
m05_000155	chr05	28381506	28.381506
m05_000156	chr05	28423919	28.423919
m05_000157	chr05	28552921	28.552921
m05_000158	chr05	28627330	28.62733
m05_000159	chr05	28817798	28.817798
m05_000160	chr05	28981989	28.981989
m05_000161	chr05	29290096	29.290096
m05_000162	chr05	29902075	29.902075
m05_000163	chr05	31328372	31.328372
m05_000164	chr05	31585314	31.585314
m05_000165	chr05	31670531	31.670531
m05_000166	chr05	31968076	31.968076
m05_000167	chr05	32021800	32.0218
m05_000168	chr05	33205171	33.205171
m05_000169	chr05	33379975	33.379975
m05_000170	chr05	33566242	33.566242
m05_000171	chr05	34208525	34.208525
m05_000172	chr05	34259911	34.259911
m05_000173	chr05	34467277	34.467277
m05_000174	chr05	34606881	34.606881
m05_000175	chr05	34764436	34.764436
m05_000176	chr05	34817731	34.817731
m05_000177	chr05	35188898	35.188898
m05_000178	chr05	35334893	35.334893
m05_000179	chr05	35473618	35.473618
m05_000180	chr05	35569515	35.569515
m05_000181	chr05	35642445	35.642445
m05_000182	chr05	36510585	36.510585
m05_000183	chr05	36528288	36.528288
m05_000184	chr05	36635740	36.63574
m05_000185	chr05	36691895	36.691895
m05_000186	chr05	36899254	36.899254
m05_000187	chr05	37248283	37.248283
m05_000188	chr05	37299799	37.299799
m05_000189	chr05	37593402	37.593402
m05_000190	chr05	38230234	38.230234
m05_000191	chr05	38766602	38.766602
m05_000192	chr05	38812581	38.812581
m05_000193	chr05	38885195	38.885195
m05_000194	chr05	39017428	39.017428
m05_000195	chr05	39075544	39.075544
m05_000196	chr05	39203787	39.203787
m05_000197	chr05	39545532	39.545532
m05_000198	chr05	40336249	40.336249
m05_000199	chr05	40491172	40.491172
m05_000200	chr05	40535734	40.535734
m05_000201	chr05	40635895	40.635895
m05_000202	chr05	40947782	40.947782
m05_000203	chr05	40963922	40.963922
m05_000204	chr05	41005479	41.005479
m05_000205	chr05	41025762	41.025762
m05_000206	chr05	41138528	41.138528
m05_000207	chr05	41382974	41.382974
m05_000208	chr05	41484135	41.484135
m05_000209	chr05	41771725	41.771725
m05_000210	chr05	42201672	42.201672
m05_000211	chr05	42456102	42.456102
m05_000212	chr05	42568684	42.568684
m05_000213	chr05	42733978	42.733978
m05_000214	chr05	43146300	43.1463
m05_000215	chr05	43359827	43.359827
m05_000216	chr05	43429031	43.429031
m05_000217	chr05	43761832	43.761832
m05_000218	chr05	43781462	43.781462
m05_000219	chr05	43902826	43.902826
m05_000220	chr05	44044317	44.044317
m05_000221	chr05	44316188	44.316188
m05_000222	chr05	44375611	44.375611
m05_000223	chr05	44724701	44.724701
m05_000224	chr05	44966029	44.966029
m05_000225	chr05	45474171	45.474171
m05_000226	chr05	45583072	45.583072
m05_000227	chr05	45822676	45.822676
m05_000228	chr05	45991046	45.991046
m05_000229	chr05	46051029	46.051029
m05_000230	chr05	46303594	46.303594
m05_000231	chr05	46350951	46.350951
m05_000232	chr05	46423048	46.423048
m05_000233	chr05	46508455	46.508455
m05_000234	chr05	46706012	46.706012
m05_000235	chr05	46866809	46.866809
m05_000236	chr05	46964215	46.964215
m05_000237	chr05	47243479	47.243479
m05_000238	chr05	47454447	47.454447
m05_000239	chr05	47546816	47.546816
m05_000240	chr05	47659799	47.659799
m05_000241	chr05	47840685	47.840685
m05_000242	chr05	47945403	47.945403
m05_000243	chr05	48125461	48.125461
m05_000244	chr05	48558921	48.558921
m05_000245	chr05	48698869	48.698869
m05_000246	chr05	48862526	48.862526
m05_000247	chr05	49561257	49.561257
m05_000248	chr05	49572120	49.57212
m05_000249	chr05	49814056	49.814056
m05_000250	chr05	49828251	49.828251
m06_000001	chr06	2400	0.0024
m06_000002	chr06	145620	0.14562
m06_000003	chr06	160592	0.160592
m06_000004	chr06	244739	0.244739
m06_000005	chr06	367728	0.367728
m06_000006	chr06	740599	0.740599
m06_000007	chr06	788457	0.788457
m06_000008	chr06	1114447	1.114447
m06_000009	chr06	1387442	1.387442
m06_000010	chr06	1830541	1.830541
m06_000011	chr06	2087952	2.087952
m06_000012	chr06	2730353	2.730353
m06_000013	chr06	2744714	2.744714
m06_000014	chr06	3229883	3.229883
m06_000015	chr06	3264903	3.264903
m06_000016	chr06	3310443	3.310443
m06_000017	chr06	3376365	3.376365
m06_000018	chr06	4072669	4.072669
m06_000019	chr06	4166969	4.166969
m06_000020	chr06	4677691	4.677691
m06_000021	chr06	5109090	5.10909
m06_000022	chr06	5223348	5.223348
m06_000023	chr06	5508639	5.508639
m06_000024	chr06	5731817	5.731817
m06_000025	chr06	6309407	6.309407
m06_000026	chr06	6416671	6.416671
m06_000027	chr06	7082346	7.082346
m06_000028	chr06	7649133	7.649133
m06_000029	chr06	7981042	7.981042
m06_000030	chr06	8301513	8.301513
m06_000031	chr06	8554661	8.554661
m06_000032	chr06	8719587	8.719587
m06_000033	chr06	8738058	8.738058
m06_000034	chr06	9011414	9.011414
m06_000035	chr06	9119101	9.119101
m06_000036	chr06	9174321	9.174321
m06_000037	chr06	9265948	9.265948
m06_000038	chr06	9520105	9.520105
m06_000039	chr06	9568507	9.568507
m06_000040	chr06	9719278	9.719278
m06_000041	chr06	9879069	9.879069
m06_000042	chr06	10231139	10.231139
m06_000043	chr06	10322349	10.322349
m06_000044	chr06	10571992	10.571992
m06_000045	chr06	10801690	10.80169
m06_000046	chr06	10820474	10.820474
m06_000047	chr06	11012315	11.012315
m06_000048	chr06	11052929	11.052929
m06_000049	chr06	11305043	11.305043
m06_000050	chr06	11350806	11.350806
m06_000051	chr06	11529279	11.529279
m06_000052	chr06	11720353	11.720353
m06_000053	chr06	11787181	11.787181
m06_000054	chr06	11845518	11.845518
m06_000055	chr06	12066913	12.066913
m06_000056	chr06	12661685	12.661685
m06_000057	chr06	12816807	12.816807
m06_000058	chr06	13017232	13.017232
m06_000059	chr06	13131128	13.131128
m06_000060	chr06	13214734	13.214734
m06_000061	chr06	13973983	13.973983
m06_000062	chr06	14236459	14.236459
m06_000063	chr06	14340054	14.340054
m06_000064	chr06	14582599	14.582599
m06_000065	chr06	14644754	14.644754
m06_000066	chr06	14993850	14.99385
m06_000067	chr06	15479485	15.479485
m06_000068	chr06	15787912	15.787912
m06_000069	chr06	16010056	16.010056
m06_000070	chr06	16133003	16.133003
m06_000071	chr06	17835328	17.835328
m06_000072	chr06	17906261	17.906261
m06_000073	chr06	17920538	17.920538
m06_000074	chr06	17940571	17.940571
m06_000075	chr06	17996471	17.996471
m06_000076	chr06	18010061	18.010061
m06_000077	chr06	18099236	18.099236
m06_000078	chr06	18328764	18.328764
m06_000079	chr06	18348518	18.348518
m06_000080	chr06	18401305	18.401305
m06_000081	chr06	18895822	18.895822
m06_000082	chr06	19696200	19.6962
m06_000083	chr06	19823561	19.823561
m06_000084	chr06	20132940	20.13294
m06_000085	chr06	20336972	20.336972
m06_000086	chr06	20431719	20.431719
m06_000087	chr06	20550505	20.550505
m06_000088	chr06	20839155	20.839155
m06_000089	chr06	20912717	20.912717
m06_000090	chr06	21325870	21.32587
m06_000091	chr06	21349482	21.349482
m06_000092	chr06	21783462	21.783462
m06_000093	chr06	21869682	21.869682
m06_000094	chr06	21976157	21.976157
m06_000095	chr06	22010299	22.010299
m06_000096	chr06	22746028	22.746028
m06_000097	chr06	22808502	22.808502
m06_000098	chr06	22821674	22.821674
m06_000099	chr06	22864065	22.864065
m06_000100	chr06	23057437	23.057437
m06_000101	chr06	23154137	23.154137
m06_000102	chr06	23225147	23.225147
m06_000103	chr06	23392463	23.392463
m06_000104	chr06	23626750	23.62675
m06_000105	chr06	23737584	23.737584
m06_000106	chr06	23832798	23.832798
m06_000107	chr06	23923053	23.923053
m06_000108	chr06	24145241	24.145241
m06_000109	chr06	24184119	24.184119
m06_000110	chr06	24418023	24.418023
m06_000111	chr06	24460177	24.460177
m06_000112	chr06	24542584	24.542584
m06_000113	chr06	24564824	24.564824
m06_000114	chr06	24629512	24.629512
m06_000115	chr06	24988206	24.988206
m06_000116	chr06	25421397	25.421397
m06_000117	chr06	25830767	25.830767
m06_000118	chr06	25882975	25.882975
m06_000119	chr06	25958690	25.95869
m06_000120	chr06	26528610	26.52861
m06_000121	chr06	27401293	27.401293
m06_000122	chr06	27481448	27.481448
m06_000123	chr06	27731612	27.731612
m06_000124	chr06	27785954	27.785954
m06_000125	chr06	28035388	28.035388
m06_000126	chr06	28114561	28.114561
m06_000127	chr06	28526993	28.526993
m06_000128	chr06	28638558	28.638558
m06_000129	chr06	28766056	28.766056
m06_000130	chr06	28911952	28.911952
m06_000131	chr06	29259759	29.259759
m06_000132	chr06	29324630	29.32463
m06_000133	chr06	29445241	29.445241
m06_000134	chr06	29543149	29.543149
m06_000135	chr06	29663527	29.663527
m06_000136	chr06	29825187	29.825187
m06_000137	chr06	29879727	29.879727
m06_000138	chr06	29881891	29.881891
m06_000139	chr06	29991153	29.991153
m06_000140	chr06	30079359	30.079359
m06_000141	chr06	30211299	30.211299
m06_000142	chr06	30341706	30.341706
m06_000143	chr06	30381867	30.381867
m06_000144	chr06	30758739	30.758739
m06_000145	chr06	30847679	30.847679
m06_000146	chr06	31017566	31.017566
m06_000147	chr06	31181462	31.181462
m06_000148	chr06	31320828	31.320828
m06_000149	chr06	31380989	31.380989
m06_000150	chr06	31473466	31.473466
m06_000151	chr06	31657950	31.65795
m06_000152	chr06	31923178	31.923178
m06_000153	chr06	31944032	31.944032
m06_000154	chr06	32225754	32.225754
m06_000155	chr06	32285309	32.285309
m06_000156	chr06	32514164	32.514164
m06_000157	chr06	32684564	32.684564
m06_000158	chr06	32817983	32.817983
m06_000159	chr06	32916939	32.916939
m06_000160	chr06	33113107	33.113107
m06_000161	chr06	33263272	33.263272
m06_000162	chr06	33454090	33.45409
m06_000163	chr06	33903836	33.903836
m06_000164	chr06	33993857	33.993857
m06_000165	chr06	34070323	34.070323
m06_000166	chr06	34398758	34.398758
m06_000167	chr06	34644306	34.644306
m06_000168	chr06	34881949	34.881949
m06_000169	chr06	34992681	34.992681
m06_000170	chr06	35008722	35.008722
m06_000171	chr06	35047755	35.047755
m06_000172	chr06	35125406	35.125406
m06_000173	chr06	35128959	35.128959
m06_000174	chr06	35130132	35.130132
m06_000175	chr06	35155764	35.155764
m06_000176	chr06	35360298	35.360298
m06_000177	chr06	35542592	35.542592
m06_000178	chr06	35689301	35.689301
m06_000179	chr06	36357881	36.357881
m06_000180	chr06	36367353	36.367353
m06_000181	chr06	37022866	37.022866
m06_000182	chr06	37165657	37.165657
m06_000183	chr06	37357494	37.357494
m06_000184	chr06	38238385	38.238385
m06_000185	chr06	38288174	38.288174
m06_000186	chr06	38412629	38.412629
m06_000187	chr06	38557021	38.557021
m06_000188	chr06	38573466	38.573466
m06_000189	chr06	38593941	38.593941
m06_000190	chr06	38603754	38.603754
m06_000191	chr06	38642570	38.64257
m06_000192	chr06	38865546	38.865546
m06_000193	chr06	38913347	38.913347
m06_000194	chr06	38983260	38.98326
m06_000195	chr06	39030910	39.03091
m06_000196	chr06	39083379	39.083379
m06_000197	chr06	39370745	39.370745
m06_000198	chr06	39621260	39.62126
m06_000199	chr06	39807718	39.807718
m06_000200	chr06	40122816	40.122816
m06_000201	chr06	40473030	40.47303
m06_000202	chr06	40585909	40.585909
m06_000203	chr06	40640719	40.640719
m06_000204	chr06	40735987	40.735987
m06_000205	chr06	40897016	40.897016
m06_000206	chr06	40901937	40.901937
m06_000207	chr06	40971543	40.971543
m06_000208	chr06	41011994	41.011994
m06_000209	chr06	41076664	41.076664
m06_000210	chr06	41612844	41.612844
m06_000211	chr06	41631310	41.63131
m06_000212	chr06	41716747	41.716747
m06_000213	chr06	42002317	42.002317
m06_000214	chr06	42022972	42.022972
m06_000215	chr06	42075708	42.075708
m06_000216	chr06	42141366	42.141366
m06_000217	chr06	42191581	42.191581
m06_000218	chr06	42201422	42.201422
m06_000219	chr06	42627548	42.627548
m06_000220	chr06	42690626	42.690626
m06_000221	chr06	42740035	42.740035
m06_000222	chr06	42975226	42.975226
m06_000223	chr06	42996285	42.996285
m06_000224	chr06	43249679	43.249679
m06_000225	chr06	43269317	43.269317
m06_000226	chr06	43447414	43.447414
m06_000227	chr06	43597136	43.597136
m06_000228	chr06	43739455	43.739455
m06_000229	chr06	43739720	43.73972
m06_000230	chr06	43873843	43.873843
m06_000231	chr06	44084523	44.084523
m06_000232	chr06	44677902	44.677902
m06_000233	chr06	44851390	44.85139
m06_000234	chr06	44956556	44.956556
m06_000235	chr06	45402062	45.402062
m06_000236	chr06	45832702	45.832702
m06_000237	chr06	46206972	46.206972
m06_000238	chr06	46722405	46.722405
m06_000239	chr06	46774952	46.774952
m06_000240	chr06	47083021	47.083021
m06_000241	chr06	47451098	47.451098
m06_000242	chr06	47627942	47.627942
m06_000243	chr06	47807439	47.807439
m06_000244	chr06	48008846	48.008846
m06_000245	chr06	48488774	48.488774
m06_000246	chr06	48515437	48.515437
m06_000247	chr06	49367045	49.367045
m06_000248	chr06	49466653	49.466653
m06_000249	chr06	49567690	49.56769
m06_000250	chr06	49928785	49.928785
m07_000001	chr07	281600	0.2816
m07_000002	chr07	436467	0.436467
m07_000003	chr07	747875	0.747875
m07_000004	chr07	858907	0.858907
m07_000005	chr07	1147192	1.147192
m07_000006	chr07	1427840	1.42784
m07_000007	chr07	1826804	1.826804
m07_000008	chr07	2017744	2.017744
m07_000009	chr07	2519521	2.519521
m07_000010	chr07	2653343	2.653343
m07_000011	chr07	2723358	2.723358
m07_000012	chr07	3250782	3.250782
m07_000013	chr07	3523612	3.523612
m07_000014	chr07	3958983	3.958983
m07_000015	chr07	4073754	4.073754
m07_000016	chr07	4144991	4.144991
m07_000017	chr07	4507599	4.507599
m07_000018	chr07	4621669	4.621669
m07_000019	chr07	4828868	4.828868
m07_000020	chr07	4913198	4.913198
m07_000021	chr07	5015058	5.015058
m07_000022	chr07	5078402	5.078402
m07_000023	chr07	5234279	5.234279
m07_000024	chr07	5321516	5.321516
m07_000025	chr07	5399511	5.399511
m07_000026	chr07	5420654	5.420654
m07_000027	chr07	5494494	5.494494
m07_000028	chr07	5513359	5.513359
m07_000029	chr07	5607638	5.607638
m07_000030	chr07	6021051	6.021051
m07_000031	chr07	6793869	6.793869
m07_000032	chr07	6964073	6.964073
m07_000033	chr07	7085335	7.085335
m07_000034	chr07	7149375	7.149375
m07_000035	chr07	7403209	7.403209
m07_000036	chr07	7415708	7.415708
m07_000037	chr07	7639682	7.639682
m07_000038	chr07	7804954	7.804954
m07_000039	chr07	7968808	7.968808
m07_000040	chr07	8394396	8.394396
m07_000041	chr07	8405073	8.405073
m07_000042	chr07	8567077	8.567077
m07_000043	chr07	8706724	8.706724
m07_000044	chr07	8711368	8.711368
m07_000045	chr07	8734315	8.734315
m07_000046	chr07	8901217	8.901217
m07_000047	chr07	8945321	8.945321
m07_000048	chr07	8948681	8.948681
m07_000049	chr07	9507731	9.507731
m07_000050	chr07	10080994	10.080994
m07_000051	chr07	10137397	10.137397
m07_000052	chr07	10148396	10.148396
m07_000053	chr07	10306195	10.306195
m07_000054	chr07	10759140	10.75914
m07_000055	chr07	10857455	10.857455
m07_000056	chr07	10982784	10.982784
m07_000057	chr07	11350262	11.350262
m07_000058	chr07	11456773	11.456773
m07_000059	chr07	11599011	11.599011
m07_000060	chr07	11721018	11.721018
m07_000061	chr07	12069623	12.069623
m07_000062	chr07	12624191	12.624191
m07_000063	chr07	12951350	12.95135
m07_000064	chr07	13039058	13.039058
m07_000065	chr07	13080214	13.080214
m07_000066	chr07	13569638	13.569638
m07_000067	chr07	13893878	13.893878
m07_000068	chr07	13942959	13.942959
m07_000069	chr07	14302517	14.302517
m07_000070	chr07	14361584	14.361584
m07_000071	chr07	14399595	14.399595
m07_000072	chr07	14501165	14.501165
m07_000073	chr07	14965065	14.965065
m07_000074	chr07	15030997	15.030997
m07_000075	chr07	15385487	15.385487
m07_000076	chr07	15729223	15.729223
m07_000077	chr07	15794974	15.794974
m07_000078	chr07	15904109	15.904109
m07_000079	chr07	16892325	16.892325
m07_000080	chr07	17034632	17.034632
m07_000081	chr07	17064223	17.064223
m07_000082	chr07	17086757	17.086757
m07_000083	chr07	17271331	17.271331
m07_000084	chr07	17585956	17.585956
m07_000085	chr07	17598489	17.598489
m07_000086	chr07	17663204	17.663204
m07_000087	chr07	18076913	18.076913
m07_000088	chr07	18104077	18.104077
m07_000089	chr07	18387352	18.387352
m07_000090	chr07	18628128	18.628128
m07_000091	chr07	18714041	18.714041
m07_000092	chr07	19800948	19.800948
m07_000093	chr07	20127549	20.127549
m07_000094	chr07	20580124	20.580124
m07_000095	chr07	20606947	20.606947
m07_000096	chr07	20779094	20.779094
m07_000097	chr07	20972499	20.972499
m07_000098	chr07	21121220	21.12122
m07_000099	chr07	21778955	21.778955
m07_000100	chr07	21816999	21.816999
m07_000101	chr07	22125728	22.125728
m07_000102	chr07	22137759	22.137759
m07_000103	chr07	22701415	22.701415
m07_000104	chr07	22800575	22.800575
m07_000105	chr07	23527120	23.52712
m07_000106	chr07	23575636	23.575636
m07_000107	chr07	23578699	23.578699
m07_000108	chr07	23977161	23.977161
m07_000109	chr07	24144632	24.144632
m07_000110	chr07	24203332	24.203332
m07_000111	chr07	24470511	24.470511
m07_000112	chr07	24550628	24.550628
m07_000113	chr07	24608886	24.608886
m07_000114	chr07	24891267	24.891267
m07_000115	chr07	24927176	24.927176
m07_000116	chr07	25023156	25.023156
m07_000117	chr07	25034440	25.03444
m07_000118	chr07	25126729	25.126729
m07_000119	chr07	25188043	25.188043
m07_000120	chr07	25434267	25.434267
m07_000121	chr07	25709944	25.709944
m07_000122	chr07	25803563	25.803563
m07_000123	chr07	26034920	26.03492
m07_000124	chr07	26081116	26.081116
m07_000125	chr07	26558287	26.558287
m07_000126	chr07	26635336	26.635336
m07_000127	chr07	26639080	26.63908
m07_000128	chr07	26960914	26.960914
m07_000129	chr07	27115693	27.115693
m07_000130	chr07	27293982	27.293982
m07_000131	chr07	27304519	27.304519
m07_000132	chr07	27334340	27.33434
m07_000133	chr07	27336173	27.336173
m07_000134	chr07	27434911	27.434911
m07_000135	chr07	27442425	27.442425
m07_000136	chr07	27541350	27.54135
m07_000137	chr07	27646157	27.646157
m07_000138	chr07	28050924	28.050924
m07_000139	chr07	28913869	28.913869
m07_000140	chr07	28918040	28.91804
m07_000141	chr07	28968148	28.968148
m07_000142	chr07	29215046	29.215046
m07_000143	chr07	29685607	29.685607
m07_000144	chr07	29704031	29.704031
m07_000145	chr07	29819832	29.819832
m07_000146	chr07	29962302	29.962302
m07_000147	chr07	29969444	29.969444
m07_000148	chr07	30265649	30.265649
m07_000149	chr07	30815210	30.81521
m07_000150	chr07	31049775	31.049775
m07_000151	chr07	31089294	31.089294
m07_000152	chr07	31430322	31.430322
m07_000153	chr07	31474107	31.474107
m07_000154	chr07	31820901	31.820901
m07_000155	chr07	31912848	31.912848
m07_000156	chr07	31930023	31.930023
m07_000157	chr07	31947573	31.947573
m07_000158	chr07	32304248	32.304248
m07_000159	chr07	32517020	32.51702
m07_000160	chr07	32697149	32.697149
m07_000161	chr07	32843157	32.843157
m07_000162	chr07	33520787	33.520787
m07_000163	chr07	33618530	33.61853
m07_000164	chr07	33622359	33.622359
m07_000165	chr07	33959774	33.959774
m07_000166	chr07	33971528	33.971528
m07_000167	chr07	33994953	33.994953
m07_000168	chr07	34171522	34.171522
m07_000169	chr07	34318758	34.318758
m07_000170	chr07	34460967	34.460967
m07_000171	chr07	34650197	34.650197
m07_000172	chr07	34714661	34.714661
m07_000173	chr07	35070389	35.070389
m07_000174	chr07	35195354	35.195354
m07_000175	chr07	35199346	35.199346
m07_000176	chr07	35390295	35.390295
m07_000177	chr07	35452251	35.452251
m07_000178	chr07	35599672	35.599672
m07_000179	chr07	35624612	35.624612
m07_000180	chr07	35929204	35.929204
m07_000181	chr07	36296916	36.296916
m07_000182	chr07	36321455	36.321455
m07_000183	chr07	36722043	36.722043
m07_000184	chr07	36745093	36.745093
m07_000185	chr07	37314267	37.314267
m07_000186	chr07	37559455	37.559455
m07_000187	chr07	37817014	37.817014
m07_000188	chr07	37937350	37.93735
m07_000189	chr07	37942926	37.942926
m07_000190	chr07	37991933	37.991933
m07_000191	chr07	38005104	38.005104
m07_000192	chr07	38017303	38.017303
m07_000193	chr07	38240956	38.240956
m07_000194	chr07	38254279	38.254279
m07_000195	chr07	38294854	38.294854
m07_000196	chr07	38474074	38.474074
m07_000197	chr07	38553083	38.553083
m07_000198	chr07	38573559	38.573559
m07_000199	chr07	38747859	38.747859
m07_000200	chr07	38750480	38.75048
m07_000201	chr07	39011297	39.011297
m07_000202	chr07	39420032	39.420032
m07_000203	chr07	39467170	39.46717
m07_000204	chr07	39660309	39.660309
m07_000205	chr07	39893288	39.893288
m07_000206	chr07	39901663	39.901663
m07_000207	chr07	40409676	40.409676
m07_000208	chr07	41150699	41.150699
m07_000209	chr07	41315905	41.315905
m07_000210	chr07	41386042	41.386042
m07_000211	chr07	41545376	41.545376
m07_000212	chr07	42284295	42.284295
m07_000213	chr07	42295702	42.295702
m07_000214	chr07	42304747	42.304747
m07_000215	chr07	42743209	42.743209
m07_000216	chr07	42923438	42.923438
m07_000217	chr07	43098796	43.098796
m07_000218	chr07	43108587	43.108587
m07_000219	chr07	43154052	43.154052
m07_000220	chr07	43477222	43.477222
m07_000221	chr07	43505477	43.505477
m07_000222	chr07	43552988	43.552988
m07_000223	chr07	43633136	43.633136
m07_000224	chr07	43836446	43.836446
m07_000225	chr07	43952079	43.952079
m07_000226	chr07	44104496	44.104496
m07_000227	chr07	44149531	44.149531
m07_000228	chr07	44339367	44.339367
m07_000229	chr07	45065884	45.065884
m07_000230	chr07	45154223	45.154223
m07_000231	chr07	45421081	45.421081
m07_000232	chr07	45604614	45.604614
m07_000233	chr07	45786692	45.786692
m07_000234	chr07	45801716	45.801716
m07_000235	chr07	45981691	45.981691
m07_000236	chr07	46051411	46.051411
m07_000237	chr07	46589149	46.589149
m07_000238	chr07	46664796	46.664796
m07_000239	chr07	47096215	47.096215
m07_000240	chr07	47577990	47.57799
m07_000241	chr07	47742167	47.742167
m07_000242	chr07	48446816	48.446816
m07_000243	chr07	48641181	48.641181
m07_000244	chr07	48695630	48.69563
m07_000245	chr07	48704834	48.704834
m07_000246	chr07	48712400	48.7124
m07_000247	chr07	49535789	49.535789
m07_000248	chr07	49627401	49.627401
m07_000249	chr07	49786014	49.786014
m07_000250	chr07	49894706	49.894706
m08_000001	chr08	132331	0.132331
m08_000002	chr08	200758	0.200758
m08_000003	chr08	575286	0.575286
m08_000004	chr08	866929	0.866929
m08_000005	chr08	1242746	1.242746
m08_000006	chr08	1701140	1.70114
m08_000007	chr08	1910182	1.910182
m08_000008	chr08	1960802	1.960802
m08_000009	chr08	2151074	2.151074
m08_000010	chr08	2153061	2.153061
m08_000011	chr08	2291525	2.291525
m08_000012	chr08	2460396	2.460396
m08_000013	chr08	2920305	2.920305
m08_000014	chr08	3262150	3.26215
m08_000015	chr08	3384190	3.38419
m08_000016	chr08	3425935	3.425935
m08_000017	chr08	3666400	3.6664
m08_000018	chr08	3721139	3.721139
m08_000019	chr08	3801167	3.801167
m08_000020	chr08	4032035	4.032035
m08_000021	chr08	4259630	4.25963
m08_000022	chr08	4387259	4.387259
m08_000023	chr08	4611008	4.611008
m08_000024	chr08	4679777	4.679777
m08_000025	chr08	4771105	4.771105
m08_000026	chr08	5101991	5.101991
m08_000027	chr08	5116159	5.116159
m08_000028	chr08	5171624	5.171624
m08_000029	chr08	5497212	5.497212
m08_000030	chr08	5660737	5.660737
m08_000031	chr08	5661036	5.661036
m08_000032	chr08	5874525	5.874525
m08_000033	chr08	6072253	6.072253
m08_000034	chr08	6151577	6.151577
m08_000035	chr08	6257924	6.257924
m08_000036	chr08	6385920	6.38592
m08_000037	chr08	6856572	6.856572
m08_000038	chr08	6886716	6.886716
m08_000039	chr08	7005370	7.00537
m08_000040	chr08	7287479	7.287479
m08_000041	chr08	7295126	7.295126
m08_000042	chr08	7462724	7.462724
m08_000043	chr08	8095004	8.095004
m08_000044	chr08	8281924	8.281924
m08_000045	chr08	8344469	8.344469
m08_000046	chr08	9048598	9.048598
m08_000047	chr08	9554428	9.554428
m08_000048	chr08	9692285	9.692285
m08_000049	chr08	9700607	9.700607
m08_000050	chr08	9785974	9.785974
m08_000051	chr08	10492007	10.492007
m08_000052	chr08	10557120	10.55712
m08_000053	chr08	10584002	10.584002
m08_000054	chr08	11325303	11.325303
m08_000055	chr08	11346315	11.346315
m08_000056	chr08	11439986	11.439986
m08_000057	chr08	11814987	11.814987
m08_000058	chr08	12107462	12.107462
m08_000059	chr08	12170724	12.170724
m08_000060	chr08	12289482	12.289482
m08_000061	chr08	12511500	12.5115
m08_000062	chr08	12972198	12.972198
m08_000063	chr08	12991893	12.991893
m08_000064	chr08	14065393	14.065393
m08_000065	chr08	14179072	14.179072
m08_000066	chr08	14220041	14.220041
m08_000067	chr08	14269024	14.269024
m08_000068	chr08	14320651	14.320651
m08_000069	chr08	14461552	14.461552
m08_000070	chr08	14519819	14.519819
m08_000071	chr08	14605895	14.605895
m08_000072	chr08	15048166	15.048166
m08_000073	chr08	15308993	15.308993
m08_000074	chr08	15539259	15.539259
m08_000075	chr08	15548046	15.548046
m08_000076	chr08	15551608	15.551608
m08_000077	chr08	15600371	15.600371
m08_000078	chr08	15651198	15.651198
m08_000079	chr08	16218420	16.21842
m08_000080	chr08	16240104	16.240104
m08_000081	chr08	16287714	16.287714
m08_000082	chr08	16487160	16.48716
m08_000083	chr08	16639632	16.639632
m08_000084	chr08	16712691	16.712691
m08_000085	chr08	16915109	16.915109
m08_000086	chr08	16928847	16.928847
m08_000087	chr08	16933917	16.933917
m08_000088	chr08	17020310	17.02031
m08_000089	chr08	17155641	17.155641
m08_000090	chr08	17159258	17.159258
m08_000091	chr08	17275240	17.27524
m08_000092	chr08	17336609	17.336609
m08_000093	chr08	17395828	17.395828
m08_000094	chr08	17785243	17.785243
m08_000095	chr08	17789144	17.789144
m08_000096	chr08	17903379	17.903379
m08_000097	chr08	18008526	18.008526
m08_000098	chr08	18117889	18.117889
m08_000099	chr08	18119649	18.119649
m08_000100	chr08	18242320	18.24232
m08_000101	chr08	18313932	18.313932
m08_000102	chr08	18660133	18.660133
m08_000103	chr08	18767503	18.767503
m08_000104	chr08	18875977	18.875977
m08_000105	chr08	19255520	19.25552
m08_000106	chr08	19426284	19.426284
m08_000107	chr08	20158292	20.158292
m08_000108	chr08	20241202	20.241202
m08_000109	chr08	20388860	20.38886
m08_000110	chr08	20675660	20.67566
m08_000111	chr08	20969379	20.969379
m08_000112	chr08	21097914	21.097914
m08_000113	chr08	21099356	21.099356
m08_000114	chr08	21243700	21.2437
m08_000115	chr08	21744252	21.744252
m08_000116	chr08	22363465	22.363465
m08_000117	chr08	22871342	22.871342
m08_000118	chr08	23231656	23.231656
m08_000119	chr08	23518371	23.518371
m08_000120	chr08	23548469	23.548469
m08_000121	chr08	23589405	23.589405
m08_000122	chr08	23786292	23.786292
m08_000123	chr08	23956821	23.956821
m08_000124	chr08	24328750	24.32875
m08_000125	chr08	24341647	24.341647
m08_000126	chr08	24425207	24.425207
m08_000127	chr08	24781663	24.781663
m08_000128	chr08	24822044	24.822044
m08_000129	chr08	25594035	25.594035
m08_000130	chr08	25594636	25.594636
m08_000131	chr08	25608224	25.608224
m08_000132	chr08	25834690	25.83469
m08_000133	chr08	25847291	25.847291
m08_000134	chr08	25903631	25.903631
m08_000135	chr08	26213600	26.2136
m08_000136	chr08	26470404	26.470404
m08_000137	chr08	26556520	26.55652
m08_000138	chr08	26577230	26.57723
m08_000139	chr08	26588738	26.588738
m08_000140	chr08	26621116	26.621116
m08_000141	chr08	26770196	26.770196
m08_000142	chr08	26795833	26.795833
m08_000143	chr08	27107133	27.107133
m08_000144	chr08	27699293	27.699293
m08_000145	chr08	28160593	28.160593
m08_000146	chr08	29008332	29.008332
m08_000147	chr08	29680117	29.680117
m08_000148	chr08	29945693	29.945693
m08_000149	chr08	30011447	30.011447
m08_000150	chr08	30561007	30.561007
m08_000151	chr08	30591145	30.591145
m08_000152	chr08	31023295	31.023295
m08_000153	chr08	31617967	31.617967
m08_000154	chr08	31724442	31.724442
m08_000155	chr08	31809483	31.809483
m08_000156	chr08	32164957	32.164957
m08_000157	chr08	32323473	32.323473
m08_000158	chr08	33244027	33.244027
m08_000159	chr08	33315715	33.315715
m08_000160	chr08	33385333	33.385333
m08_000161	chr08	33766934	33.766934
m08_000162	chr08	34235023	34.235023
m08_000163	chr08	34737888	34.737888
m08_000164	chr08	34744412	34.744412
m08_000165	chr08	35096140	35.09614
m08_000166	chr08	35118172	35.118172
m08_000167	chr08	35226938	35.226938
m08_000168	chr08	35598737	35.598737
m08_000169	chr08	35688942	35.688942
m08_000170	chr08	35963987	35.963987
m08_000171	chr08	36072453	36.072453
m08_000172	chr08	36092302	36.092302
m08_000173	chr08	36459263	36.459263
m08_000174	chr08	36487978	36.487978
m08_000175	chr08	36553642	36.553642
m08_000176	chr08	36741799	36.741799
m08_000177	chr08	36924854	36.924854
m08_000178	chr08	37310986	37.310986
m08_000179	chr08	37581899	37.581899
m08_000180	chr08	38004215	38.004215
m08_000181	chr08	38115864	38.115864
m08_000182	chr08	38238007	38.238007
m08_000183	chr08	38487490	38.48749
m08_000184	chr08	38663878	38.663878
m08_000185	chr08	39044481	39.044481
m08_000186	chr08	39261201	39.261201
m08_000187	chr08	39329316	39.329316
m08_000188	chr08	39521868	39.521868
m08_000189	chr08	39687811	39.687811
m08_000190	chr08	39804405	39.804405
m08_000191	chr08	40039244	40.039244
m08_000192	chr08	40074987	40.074987
m08_000193	chr08	40221535	40.221535
m08_000194	chr08	40225739	40.225739
m08_000195	chr08	40295835	40.295835
m08_000196	chr08	40376666	40.376666
m08_000197	chr08	40400028	40.400028
m08_000198	chr08	40469480	40.46948
m08_000199	chr08	40478382	40.478382
m08_000200	chr08	40629139	40.629139
m08_000201	chr08	40754374	40.754374
m08_000202	chr08	40823551	40.823551
m08_000203	chr08	40876713	40.876713
m08_000204	chr08	41062430	41.06243
m08_000205	chr08	41147296	41.147296
m08_000206	chr08	41385884	41.385884
m08_000207	chr08	41777138	41.777138
m08_000208	chr08	41890899	41.890899
m08_000209	chr08	42311272	42.311272
m08_000210	chr08	42439832	42.439832
m08_000211	chr08	42583792	42.583792
m08_000212	chr08	42584622	42.584622
m08_000213	chr08	42859030	42.85903
m08_000214	chr08	42952979	42.952979
m08_000215	chr08	43077957	43.077957
m08_000216	chr08	43410898	43.410898
m08_000217	chr08	43566816	43.566816
m08_000218	chr08	43700932	43.700932
m08_000219	chr08	44099097	44.099097
m08_000220	chr08	44326826	44.326826
m08_000221	chr08	44579055	44.579055
m08_000222	chr08	44714228	44.714228
m08_000223	chr08	44805187	44.805187
m08_000224	chr08	45740163	45.740163
m08_000225	chr08	45786216	45.786216
m08_000226	chr08	45842837	45.842837
m08_000227	chr08	46341562	46.341562
m08_000228	chr08	46388488	46.388488
m08_000229	chr08	46722015	46.722015
m08_000230	chr08	46727307	46.727307
m08_000231	chr08	46750093	46.750093
m08_000232	chr08	46769200	46.7692
m08_000233	chr08	46831040	46.83104
m08_000234	chr08	47096729	47.096729
m08_000235	chr08	47355591	47.355591
m08_000236	chr08	47636240	47.63624
m08_000237	chr08	47643474	47.643474
m08_000238	chr08	47667593	47.667593
m08_000239	chr08	47679929	47.679929
m08_000240	chr08	47699151	47.699151
m08_000241	chr08	47876654	47.876654
m08_000242	chr08	48026077	48.026077
m08_000243	chr08	48124486	48.124486
m08_000244	chr08	48509430	48.50943
m08_000245	chr08	48565400	48.5654
m08_000246	chr08	48590161	48.590161
m08_000247	chr08	48837414	48.837414
m08_000248	chr08	49045126	49.045126
m08_000249	chr08	49707660	49.70766
m08_000250	chr08	49958038	49.958038
